content	created_date	created_datetime	is_rumour	misinformation	which_rumour
#UPDATE Three men including two brothers identified in France newspaper attack: source http://t.co/5NoNuqJSu1 #JeSuisCharlie #CharlieHebdo	2015-01-08	2015-01-08 00:25:53+00:00	rumour	0	charliehebdo
"#CHARLIEHEBDO SHOOTING: Gunmen shouted 'we have avenged the prophet"" during attack - reports http://t.co/3Jsosc7yl3 http://t.co/nAerF1Ep7A"	2015-01-07	2015-01-07 12:54:16+00:00	rumour	0	charliehebdo
"Paris Murder Suspects Cornered with Hostage
http://t.co/yzHJi4Hw54"	2015-01-09	2015-01-09 09:52:09+00:00	rumour	1	charliehebdo
Two shot in Paris, including traffic cop, as manhunt continues for #CharlieHebdo suspects http://t.co/L7wpNhAYZn http://t.co/oQi2UinDH1	2015-01-08	2015-01-08 08:36:19+00:00	rumour	0	charliehebdo
Most compelling image I've seen to come out of horrifying events in Paris, courtesy of Banksy. #JeSuisCharlie http://t.co/EKBfbRR3HT	2015-01-08	2015-01-08 00:00:27+00:00	rumour	1	charliehebdo
Update - AFP: an unnamed police source says the killing of the policewoman in #Paris on Thursday is linked to the #CharlieHebdo attack	2015-01-09	2015-01-09 11:24:54+00:00	rumour	0	charliehebdo
On Israeli TV, an Israeli woman speaks of her nephew,a mother with 6 month old baby, held hostage in the supermarket in Paris. #JeSuisJuif	2015-01-09	2015-01-09 14:28:40+00:00	rumour	0	charliehebdo
Police convoy and helicopters are rushing to scene to detain Charlie Hebdo massacre suspects http://t.co/XdUgohNDhv http://t.co/MSROYqs14o	2015-01-09	2015-01-09 09:00:53+00:00	rumour	0	charliehebdo
Charlie Hebdo shooting latest: 12 dead and gunmen still at large http://t.co/6jRqXgPogM http://t.co/hO7lvftma5	2015-01-07	2015-01-07 12:23:18+00:00	rumour	0	charliehebdo
Map shows industrial estate where 2 #CharlieHebdo suspects are holed up, surrounded by police http://t.co/hi9g8dxpiR http://t.co/Vw2L6SQcMH	2015-01-09	2015-01-09 11:00:33+00:00	rumour	0	charliehebdo
AFP reports there are 2 dead, and 5 hostages being held in the Kosher store in Eastern Paris; separate incident to charlie hebdo shooters.	2015-01-09	2015-01-09 13:47:17+00:00	rumour	0	charliehebdo
French police: Said Kouachi and Cherif Kouachi wanted in Paris terror attack: http://t.co/0WbSnKIrgE http://t.co/wjmMg9LveB	2015-01-08	2015-01-08 12:05:51+00:00	rumour	0	charliehebdo
Banksy says #JeSuisCharlie in a beautiful way (vi @lukeeve) http://t.co/GKFP5xVAoc	2015-01-08	2015-01-08 00:18:23+00:00	rumour	1	charliehebdo
#CharlieHebdo shooting suspects tell police they 'prepared to die as martyrs' - French media http://t.co/G6eunBDIrj http://t.co/jOnfaapehF	2015-01-09	2015-01-09 10:46:57+00:00	rumour	0	charliehebdo
At least 12 dead in the Paris shooting. Updated story and background info: http://t.co/QlPpQ2ss8j #CharlieHebdo http://t.co/DwMlafsD6K	2015-01-07	2015-01-07 12:57:59+00:00	rumour	0	charliehebdo
BREAKING Charlie Hebdo latest: 11 dead 10 wounded (five critical) two gunmen unaccounted for http://t.co/kjW3uwCV0f http://t.co/9K8ICs97Be	2015-01-07	2015-01-07 11:43:07+00:00	rumour	0	charliehebdo
11 confirmed dead, Francois Hollande to visit scene of attack - latest from Paris: http://t.co/7N7uvClhWY http://t.co/EgmxARAdEP	2015-01-07	2015-01-07 11:47:38+00:00	rumour	0	charliehebdo
Witnesses say the Charlie Hebdo gunmen identified themselves as members of al-Qaida: http://t.co/WSEe7PGIdY http://t.co/fTzk4xzZIr	2015-01-07	2015-01-07 15:25:57+00:00	rumour	0	charliehebdo
Several hostages freed at Jewish supermarket in Paris. Photo Thomas Samson #AFP http://t.co/C9ltgMT0Wl	2015-01-09	2015-01-09 16:33:45+00:00	rumour	0	charliehebdo
"I am still confused as to why these ""highly trained"" individuals left their ID in the getaway car. #CharlieHebdo"	2015-01-08	2015-01-08 13:40:32+00:00	rumour	0	charliehebdo
BREAKING: 10 reportedly shot dead at Paris HQ of French weekly Charlie Hebdo http://t.co/5F1DOwzoCQ	2015-01-07	2015-01-07 11:14:38+00:00	rumour	0	charliehebdo
DEVELOPING: Police pursuing #CharlieHebdo shooting suspects, helicopters deployed - LIVE FEED: http://t.co/GRxHibEau2 http://t.co/pDlmmCax1B	2015-01-09	2015-01-09 09:02:26+00:00	rumour	0	charliehebdo
BREAKING: Shots fired, hostages taken in manhunt for #CharlieHebdo attackers, police say http://t.co/omBy6Wsgb7 http://t.co/ZbszAHyIzJ	2015-01-09	2015-01-09 08:51:44+00:00	rumour	0	charliehebdo
UPDATE: #CharlieHebdo's editor-in-chief was killed in attack - Magazine's lawyer http://t.co/kLKwMSlo7g	2015-01-07	2015-01-07 13:10:20+00:00	rumour	1	charliehebdo
#BREAKING : Both Charlie Hebdo suspects killed as police storm building (police sources) http://t.co/OYSXRQ9xuv http://t.co/8ICThapo7z	2015-01-09	2015-01-09 16:19:36+00:00	rumour	0	charliehebdo
"#CharlieHebdo suspects ""prepared to die as martyrs"", they tell police after making contact - French media http://t.co/Qgmn70TXSU"	2015-01-09	2015-01-09 10:39:41+00:00	rumour	0	charliehebdo
Reports of shooting at  Dammartin en Goele on route N2 north east of Paris - French media says car chase under way	2015-01-09	2015-01-09 08:24:24+00:00	rumour	0	charliehebdo
Paris says highest alert level extended north to region where attack suspects spotted - @AFP, @MelissaBellF24 https://t.co/pj8kecnVt7	2015-01-08	2015-01-08 15:33:43+00:00	rumour	0	charliehebdo
French police publishes photos of suspect in yesterday's Montrouge shooting. Maybe the same persons in Kosher market http://t.co/j5nQIl4Ytu	2015-01-09	2015-01-09 13:31:54+00:00	rumour	0	charliehebdo
Stills from eyewitness video show two #CharlieHebdo attackers wearing hoods &amp; black clothing shoot a wounded man http://t.co/IX8Wys3p5M	2015-01-07	2015-01-07 14:23:09+00:00	rumour	0	charliehebdo
Breaking: Two hostage situations in France are linked, Paris prosecutor says	2015-01-09	2015-01-09 14:56:40+00:00	rumour	0	charliehebdo
Suspects in #CharlieHebdo attack spoke to police by phone and said they wanted to die as martyrs, says French MP. http://t.co/bGkMtT3lUF	2015-01-09	2015-01-09 10:55:08+00:00	rumour	0	charliehebdo
#Banksy's take on #CharlieHebdo. #JeSuisCharlie #NousSommesCharlie http://t.co/f6Y07d9fJ1	2015-01-08	2015-01-08 00:00:47+00:00	rumour	1	charliehebdo
Police taking people out of #Paris grocery where hostages were being held. http://t.co/7Bxdhozq4H	2015-01-09	2015-01-09 16:21:12+00:00	rumour	0	charliehebdo
Hostage-taker at Paris store demands release of #KouachiBrothers, police union spokesman says. http://t.co/cTAJWVBmAO http://t.co/rYEGVIPAlU	2015-01-09	2015-01-09 15:49:06+00:00	rumour	0	charliehebdo
BREAKING: One person seriously wounded, six taken hostage in incident at kosher supermarket in Paris: police source	2015-01-09	2015-01-09 13:54:11+00:00	rumour	0	charliehebdo
The last person killed in Charlie Hebdo attacks was Muslim police officer http://t.co/qQXNLUDYPG http://t.co/PJH6tlyrpC	2015-01-08	2015-01-08 14:33:43+00:00	rumour	1	charliehebdo
UPDATE: Gunman in kosher grocery store is demanding the release of the suspects in #CharlieHebdo shooting - Reports http://t.co/1Y123fisl2	2015-01-09	2015-01-09 13:51:44+00:00	rumour	0	charliehebdo
France: 10 people dead after shooting at HQ of satirical weekly newspaper #CharlieHebdo, according to witnesses http://t.co/FkYxGmuS58	2015-01-07	2015-01-07 11:07:51+00:00	rumour	0	charliehebdo
#BREAKING : 1 dead, several injured in shootout North-East of Paris (French radio @RTLFrance ) http://t.co/LdSF5QeCiv #CharlieHebdo	2015-01-09	2015-01-09 09:08:01+00:00	rumour	1	charliehebdo
BREAKING: French police tell AP suspects in #CharlieHebdo attack have taken a hostage northeast of Paris.	2015-01-09	2015-01-09 09:40:25+00:00	rumour	1	charliehebdo
MORE: Official: French terror suspects want to be martyrs; are holed up with hostage north of Paris: http://t.co/sJXudtGUOV	2015-01-09	2015-01-09 11:47:42+00:00	rumour	0	charliehebdo
#CharlieHebdo killers shot dead by police	2015-01-09	2015-01-09 16:19:27+00:00	rumour	0	charliehebdo
BREAKING: At least 10 killed in shooting at French satirical newspaper Charlie Hebdo, Paris prosecutor's office says. http://t.co/mnAeA7j7fY	2015-01-07	2015-01-07 11:37:46+00:00	rumour	0	charliehebdo
Several hostages freed at Jewish supermarket in Paris. Photo Thomas Samson #AFP http://t.co/9AwTF3sRYK	2015-01-09	2015-01-09 16:28:09+00:00	rumour	0	charliehebdo
#BREAKING Charlie Hebdo gunmen's hostage freed and safe after police assault	2015-01-09	2015-01-09 16:20:03+00:00	rumour	0	charliehebdo
Car chase under way in Paris as gunfight breaks out. Reports of hostages. Latest from Paris: http://t.co/2J4WQdJnTp http://t.co/Lpd4hbiXai	2015-01-09	2015-01-09 08:37:03+00:00	rumour	0	charliehebdo
Reports: #CharlieHebdo suspects killed http://t.co/rsl4203bcQ	2015-01-09	2015-01-09 16:24:41+00:00	rumour	0	charliehebdo
The #CharlieHebdo attack suspects have reportedly fired shots while robbing a petrol station http://t.co/joSfDCybpI http://t.co/7xQIrb4vbU	2015-01-08	2015-01-08 12:23:04+00:00	rumour	0	charliehebdo
RT @JeffersonObama: R.I.P. Ahmed Merabet, a French #Muslim Cop, first victim of #CharlieHebdo attack http://t.co/TMQsJCCKB5	2015-01-08	2015-01-08 01:12:55+00:00	rumour	1	charliehebdo
Update - AFP says gunman who has taken a hostage at kosher supermarket in Paris believed to be suspect in killing of policewoman on Thursday	2015-01-09	2015-01-09 12:39:07+00:00	rumour	0	charliehebdo
Rural region of northern France searched in hunt for #CharlieHebdo gunmen - latest updates http://t.co/7iVIN3nqCv http://t.co/YrdUIOjrZF	2015-01-09	2015-01-09 08:02:16+00:00	rumour	0	charliehebdo
AFP: suspected #CharlieHebdo gunmen have been killed	2015-01-09	2015-01-09 16:22:40+00:00	rumour	0	charliehebdo
"At least 11 dead in shooting at HQ of #CharlieHebdo in #Paris (police source)
https://t.co/e4dBcNVbvD"	2015-01-07	2015-01-07 11:44:35+00:00	rumour	0	charliehebdo
At least 12 killed in today's attack on satirical magazine #CharlieHebdo in Paris, official says. http://t.co/zUfxcG3Rfs	2015-01-07	2015-01-07 12:34:33+00:00	rumour	0	charliehebdo
MORE: France: Shooting, hostage-taking at kosher market in Paris; several reported wounded: http://t.co/5300zReVuq	2015-01-09	2015-01-09 13:05:32+00:00	rumour	0	charliehebdo
MORE: Official: gunman holding at least five hostages in Paris market has threatened to kill them if police approach: http://t.co/KId3U6zhCK	2015-01-09	2015-01-09 15:33:15+00:00	rumour	0	charliehebdo
"An 11-month old baby is among the hostages at the Kosher supermarket in Paris. Unbearably sad.
http://t.co/yXXlHehst9"	2015-01-09	2015-01-09 13:26:38+00:00	rumour	0	charliehebdo
Police have surrounded this building where the suspected #CharlieHebdo attackers are holed-up http://t.co/B0TRvE2iYs http://t.co/becxNG0Kxi	2015-01-09	2015-01-09 11:06:29+00:00	rumour	0	charliehebdo
Paris Manhunt: 3 #CharlieHebdo attackers with AK-47 rifles &amp; reportedly rocket-propelled grenade still at large http://t.co/3Jsosc7yl3	2015-01-07	2015-01-07 14:31:40+00:00	rumour	0	charliehebdo
Hostage-taker in supermarket siege killed, reports say. #ParisAttacks http://t.co/0jxoozr8mN http://t.co/sY4M9Vox3L	2015-01-09	2015-01-09 16:35:15+00:00	rumour	0	charliehebdo
"4 #CharlieHebdo cartoonists killed:

- Charb
- Cabu
- Tignous
- Georges Wolinski

#JeSuisCharlie http://t.co/QbaEYog2S2"	2015-01-07	2015-01-07 13:36:28+00:00	rumour	0	charliehebdo
URGENT: 3 gunmen involved in deadly attack on #CharlieHebdo - French interior minister http://t.co/3Jsosc7yl3 #Paris http://t.co/9fqT2P6yhV	2015-01-07	2015-01-07 14:23:59+00:00	rumour	1	charliehebdo
#CharlieHebdo -  11 dead including 2 police in Paris shooting. Photo @MartinBureau1 #AFP http://t.co/aksGP63MB7	2015-01-07	2015-01-07 11:44:09+00:00	rumour	0	charliehebdo
This widely shared cartoon about the #CharlieHebdo attack is actually by @LucilleClerc and not #Banksy http://t.co/HxKI8pefcU	2015-01-08	2015-01-08 11:33:02+00:00	rumour	1	charliehebdo
Eleven dead in shooting at Paris offices of satirical magazine Charlie Hebdo – live updates http://t.co/gOtSqbwROc	2015-01-07	2015-01-07 11:39:17+00:00	rumour	0	charliehebdo
BREAKING: At least 2 killed in #Paris hostage situation via @AFP http://t.co/C2WrcWLUZh	2015-01-09	2015-01-09 13:30:08+00:00	rumour	0	charliehebdo
“@LePoint: #CharlieHebdo : “The cartoonists Charb &amp; cabu are dead.” http://t.co/7USD83cQd2 http://t.co/WGHbLiLFoX”	2015-01-07	2015-01-07 12:37:49+00:00	rumour	1	charliehebdo
Looks like every Charlie Hebdo cartoonist has been killed: 1. Charb - was on Al-Qaeda's hit list; 2. Cabu, 3. Wolinski, 4. Tignous	2015-01-07	2015-01-07 13:16:24+00:00	rumour	0	charliehebdo
Clarissa, 27 years old, police trainee of Montrouge Police in #France. Victim of this morning's attack. via @_batou_ http://t.co/kk0w0D6NNv	2015-01-08	2015-01-08 16:08:02+00:00	rumour	0	charliehebdo
UPDATE: 12 now confirmed dead in #CharlieHebdo attack in Paris, @AP is reporting. Story: http://t.co/Jfqmha1GdV (AP) http://t.co/vDCIFHIa9U	2015-01-07	2015-01-07 12:39:36+00:00	rumour	0	charliehebdo
#BREAKING - At least five hostages in Paris kosher supermarket: (AFP) https://t.co/4yt6nafpIg #Vincennes http://t.co/Vnyhqye2ps	2015-01-09	2015-01-09 12:56:40+00:00	rumour	0	charliehebdo
#BREAKING Gunman in policewoman killing suspected in new Paris hostage-taking: source	2015-01-09	2015-01-09 12:52:44+00:00	rumour	0	charliehebdo
Breaking: Gunman at Paris store threatens to kill hostages if #CharlieHebdo suspects are harmed. http://t.co/YPIlwckuuw	2015-01-09	2015-01-09 15:36:20+00:00	rumour	0	charliehebdo
Unconfirmed reports claim that Michael Essien has contracted Ebola. http://t.co/VASQrZdLhH	2014-10-12	2014-10-12 17:08:39+00:00	rumour	1	ebola-essien
AC Milan midfielder Michael Essien has been diagnosed with Ebola. Get well soon Michael. [Daily Times] http://t.co/r6y8d9HMAw	2014-10-12	2014-10-12 18:03:21+00:00	rumour	1	ebola-essien
BREAKING: 148 passengers were on board #GermanWings Airbus A320 which has crashed in the southern French Alps http://t.co/VxxvrU9XmV	2015-03-24	2015-03-24 10:44:10+00:00	rumour	1	germanwings-crash
"@FRANCE24 reporter James André at French Civil Aviation Authority HQ: ""#Germanwings plane did NOT report distress signal"", no mayday."	2015-03-24	2015-03-24 13:27:00+00:00	rumour	1	germanwings-crash
Names of pilots rumored to be Patrick Sonderheimer with co-pilot Andreas Lubitz - No formal confirmation yet. #germanwings	2015-03-26	2015-03-26 10:56:55+00:00	rumour	0	germanwings-crash
Germanwings passenger plane crashes in France: http://t.co/BSJhGgMChG	2015-03-24	2015-03-24 10:59:34+00:00	rumour	0	germanwings-crash
Report: Co-Pilot Locked Out Of Cockpit Before Fatal Plane Crash http://t.co/aXGQuacv2E #Germanwings http://t.co/T80L7BhXX6	2015-03-26	2015-03-26 00:01:57+00:00	rumour	0	germanwings-crash
French junior minister for Transport Alain Vidalies confirms they are no survivors in the #Germanwings #A320 crash. http://t.co/ZLIz1oY8wF	2015-03-24	2015-03-24 11:42:40+00:00	rumour	0	germanwings-crash
Heart goes out to 148 passengers and crew of Germanwings Airbus A320 that has crashed in French Alps, Southern France http://t.co/K7fmJLRt4G	2015-03-24	2015-03-24 11:12:07+00:00	rumour	1	germanwings-crash
BREAKING: 148 feared dead in crashed #Germanwings flight http://t.co/bnEGQsxBFL	2015-03-24	2015-03-24 12:08:46+00:00	rumour	1	germanwings-crash
"#Germanwings latest: http://t.co/8tZopIBYLh
- #Airbus A320 crashes in French Alps
- Barcelona-to-Dusseldorf flight
- 142 passengers &amp; 6 crew"	2015-03-24	2015-03-24 11:42:05+00:00	rumour	1	germanwings-crash
#Germanwings passenger plane crashes in French Alps with 148 onboard http://t.co/JCDZtv8We0 http://t.co/yE0hUNdiTr	2015-03-24	2015-03-24 12:06:11+00:00	rumour	1	germanwings-crash
#4U9525: Robin names Andreas Lubitz as the copilot in the flight deck who crashed the aircraft.	2015-03-26	2015-03-26 12:01:19+00:00	rumour	0	germanwings-crash
German Wings airline tweeting now about reports of plane crashing in French Alps with 148 on board: @germanwings http://t.co/SqUrmcvNKt	2015-03-24	2015-03-24 10:57:09+00:00	rumour	1	germanwings-crash
JUST IN: Germanwings plane crashes in southern France, up to 150 feared dead http://t.co/GIZjXnqBU3	2015-03-24	2015-03-24 11:03:24+00:00	rumour	0	germanwings-crash
RT @khjelmgaard: German media reporting #AndreasLubitz had a 'serious depressive episode' six years ago http://t.co/MUdmHPz2ro #Germanwings	2015-03-27	2015-03-27 09:23:41+00:00	rumour	0	germanwings-crash
#4U9525 took eight minutes to descend from 38,000 feet to impact, says Germanwings CEO Winkelmann.	2015-03-24	2015-03-24 14:13:25+00:00	rumour	0	germanwings-crash
GERMAN NEWS REPORT: Co-Pilot of Germanwings Airbus Was MUSLIM CONVERT …’Hero of Islamic State’? http://t.co/Pw2kxje31m via @gatewaypundit	2015-03-27	2015-03-27 15:09:22+00:00	rumour	1	germanwings-crash
Germanwings Airbus A320 crashes in French Alps near Digne http://t.co/yNlWbNJmYI	2015-03-24	2015-03-24 10:43:44+00:00	rumour	0	germanwings-crash
GERMAN NEWS: Co-Pilot of Germanwings Airbus Was MUSLIM CONVERT. Can any muslim be trusted near an airplane now?	2015-03-27	2015-03-27 03:14:54+00:00	rumour	1	germanwings-crash
Flight #4U9525 initially climbed to 38,000 feet before before it started to descend and lost signal at 6,800 feet. http://t.co/MthXQ232Hn	2015-03-24	2015-03-24 11:07:38+00:00	rumour	0	germanwings-crash
Accident aircraft looks to be Germanwings (Airline code 4U or GWI) flight 9525, Barcelona to Dusseldorf. #4U9525 http://t.co/TIZc1N1ZrK	2015-03-24	2015-03-24 10:50:07+00:00	rumour	0	germanwings-crash
Now hearing 148 passengers + crew on board the #A320 that has crashed in southern French Alps. #GermanWings flight. @BBCWorld	2015-03-24	2015-03-24 10:52:00+00:00	rumour	1	germanwings-crash
1047 call: DGAC source says pilots called «urgence, urgence» (“emergency, emergency”), as opposed to a mayday call or 7700 squawk. #4U9525	2015-03-24	2015-03-24 11:33:20+00:00	rumour	1	germanwings-crash
#4U9525 From FL380 to FL110 in 8 min? That's average rate of descent 3375 fpm! Than levelled off at FL068? What the hell was going on there?	2015-03-24	2015-03-24 11:35:31+00:00	rumour	0	germanwings-crash
"Latest on #Germanwings crash: Pilots signaled 911 before dropping out of midair; airline CEO calls this a ""dark day."" http://t.co/S5CZoWnn2T"	2015-03-24	2015-03-24 12:05:04+00:00	rumour	1	germanwings-crash
"#Germanwings ""sorry to confirm"" 144 passengers &amp; 6 crew on board flight #4U9525 when it crashed in French Alps http://t.co/inQlKOqZup"	2015-03-24	2015-03-24 12:38:59+00:00	rumour	0	germanwings-crash
MORE: Police believe three gunmen were involved in shootings in Ottawa this morning and are looking for two shooters. http://t.co/IHV4galEtC	2014-10-22	2014-10-22 18:32:00+00:00	rumour	1	ottawashooting
"#BREAKING Rick Hughes at CBC Hamilton: 

The soldier who was shot in Ottawa Wednesday morning is a reservist serving in Hamilton"	2014-10-22	2014-10-22 16:35:02+00:00	rumour	0	ottawashooting
Soldier shot at National War Memorial in Ottawa http://t.co/Sgmcq7gUzf #cdnpoli #hw	2014-10-22	2014-10-22 14:11:22+00:00	rumour	0	ottawashooting
BREAKING - Shooting on Parliament Hill. RCMP have weapons drawn #cdnpoli http://t.co/38qOgXcuet	2014-10-22	2014-10-22 14:02:11+00:00	rumour	0	ottawashooting
Very reliable source on Parliament Hill tells me the assailant has been killed. #cdnpoli #ottnews	2014-10-22	2014-10-22 14:32:35+00:00	rumour	0	ottawashooting
"Ottawa Police Service: There were ""numerous gunmen"" at the Canada War Memorial shooting. One person was shot. http://t.co/zNhxK6wBoy"	2014-10-22	2014-10-22 15:38:19+00:00	rumour	1	ottawashooting
The University of Ottawa, just a five minute walk from the Hill, is now on lockdown.	2014-10-22	2014-10-22 15:16:52+00:00	rumour	0	ottawashooting
BREAKING UPDATE: Canadian soldier injured at Parliament Hill shooting dies http://t.co/Zp9AKplH9p  #Ottawa	2014-10-22	2014-10-22 16:53:58+00:00	rumour	0	ottawashooting
We are in full lock down until further notice from Ottawa Police.	2014-10-22	2014-10-22 14:57:17+00:00	rumour	0	ottawashooting
Soldier killed in Canada shooting was a young reservist with a six-year-old son http://t.co/83PReIl9XV http://t.co/LVprXOCCF7	2014-10-22	2014-10-22 22:50:17+00:00	rumour	0	ottawashooting
BREAKING NEWS: New York Times is reporting the Canadian soldier who was shot has died from their injuries. Heartbreaking. #cdnpoli #ableg	2014-10-22	2014-10-22 15:37:33+00:00	rumour	0	ottawashooting
Shooter still on loose after uniformed soldier shot at #Ottawa's War Memorial, across road from Parliament. MP's being taken out of offices.	2014-10-22	2014-10-22 14:10:21+00:00	rumour	0	ottawashooting
Reports now that 2nd shooter has been shot in downtown Ottawa #ottnews	2014-10-22	2014-10-22 15:36:31+00:00	rumour	1	ottawashooting
Statement from Ottawa Hospital: received 3 patients. 2 in stable condition. http://t.co/zu5hYPrGDL	2014-10-22	2014-10-22 17:15:58+00:00	rumour	0	ottawashooting
Canada's parliament building locked down after shooting; at least one guard injured: http://t.co/Nrsnlg2s04 Photo: AP http://t.co/qPXF4IF6aM	2014-10-22	2014-10-22 17:09:39+00:00	rumour	0	ottawashooting
***EXCLUSIVE*** Michael Zahaf-Bibeau caught on a #DASHCAM model sold at http://t.co/62s1bT3ecH #OttawaShooting http://t.co/LpnqAKsHZw	2014-10-22	2014-10-22 23:39:19+00:00	rumour	0	ottawashooting
"BREAKING: Michael Zehaf-Bebeau had been designated ""high-risk traveller"" by CDN govt, which confiscated his passport http://t.co/dPeMQ78jzm"	2014-10-22	2014-10-22 21:16:06+00:00	rumour	0	ottawashooting
Senior U.S. official: Canadian government has informed U.S. that one shooter is dead in Ottawa. Live blog: http://t.co/q98AMohu7T	2014-10-22	2014-10-22 16:25:46+00:00	rumour	0	ottawashooting
Only photo I will tweet. CPR being performed on the soldier now. I heard four shots. #ottawa http://t.co/cqdw1yx8AI	2014-10-22	2014-10-22 13:58:25+00:00	rumour	0	ottawashooting
Attack on Parliament: Soldier shot; gunman on the loose. Follow our developing story: http://t.co/bo99C9HqJE http://t.co/2FXEYtTl8w	2014-10-22	2014-10-22 15:09:40+00:00	rumour	0	ottawashooting
BREAKING: At least 20 shots have been fired in the Canadian parliament in Ottawa, according to witnesses.	2014-10-22	2014-10-22 14:35:29+00:00	rumour	0	ottawashooting
Ottawa police issued a statement. Three separate shooting incidents. Once inside parliament. One at the war memorial. One at Rideau Centre	2014-10-22	2014-10-22 15:42:17+00:00	rumour	1	ottawashooting
BREAKING: A source confirms to CP24 that the deceased soldier in Ottawa is Cpl. Nathan Cirillo. Cirillo was a member of the Hamilton Argylls	2014-10-22	2014-10-22 20:46:39+00:00	rumour	0	ottawashooting
CONFIRMED | 1 shooter shot dead at Parliament Hill, but there is more than 1 suspect. #cbcOTT #OTTnews	2014-10-22	2014-10-22 15:20:55+00:00	rumour	0	ottawashooting
#RCMP to hold news conference on #Ottawa shootings at 2 pm ET, 11 am PT. Watch live coverage @ http://t.co/kngapKTSCe	2014-10-22	2014-10-22 17:48:57+00:00	rumour	0	ottawashooting
Shooting in Canadian parliament comes day after ISIS-inspired radical drove in2 Canadian soldier. Also reports of shooting at War memorial/1	2014-10-22	2014-10-22 14:49:07+00:00	rumour	0	ottawashooting
This afternoon we've lowered our flags to half mast in honour of the Canadian Reservist who lost his life in Ottawa. http://t.co/3oTF5sd2Lf	2014-10-22	2014-10-22 18:48:40+00:00	rumour	0	ottawashooting
Watch video showing gunfire inside Canada's parliament in Ottawa http://t.co/CJpXNAk8nS http://t.co/hxwr2NEr2K	2014-10-22	2014-10-22 15:58:15+00:00	rumour	0	ottawashooting
#ISIS Media account posts picture claiming to be Michael Zehaf-Bibeau, dead #OttawaShooting suspect. #Canada http://t.co/kWam0E4tyX	2014-10-22	2014-10-22 20:23:58+00:00	rumour	0	ottawashooting
Canada's Parliament Hill is on lockdown as police hunt shooting suspect; at least 1 injured - @CBCNews, @TorontoStar http://t.co/aF9HyT9BgX	2014-10-22	2014-10-22 14:25:19+00:00	rumour	0	ottawashooting
More shots fired just off Parliament Hill. Police telling everyone to take cover.	2014-10-22	2014-10-22 14:54:37+00:00	rumour	0	ottawashooting
Police say shots fired at 3 #Ottawa sites -  National War Memorial, Parliament Hill, and now Rideau shopping centre http://t.co/rOnqpUbuqc	2014-10-22	2014-10-22 16:11:09+00:00	rumour	1	ottawashooting
Police now say there were two shooting incidents in Ottawa: one at the war memorial, the other on Parliament Hill. http://t.co/q98AMohu7T	2014-10-22	2014-10-22 18:00:14+00:00	rumour	1	ottawashooting
Snipers set up on National Art Gallery as we remain barricaded in Centre Block on Parliament Hill #cdnpoli. http://t.co/lWKaxLI9jO	2014-10-22	2014-10-22 14:16:31+00:00	rumour	0	ottawashooting
The Canadian soldier killed in today's Ottawa shooting is Cpl. Nathan Cirillo, a family source told CNN. Live blog: http://t.co/D58rrFrbwq	2014-10-22	2014-10-22 23:05:35+00:00	rumour	0	ottawashooting
#Ottawa police confirm to #CBCNews they are still seeking 1 or more suspects after shootings on Parliament Hill, War Memorial, nearby mall.	2014-10-22	2014-10-22 16:46:11+00:00	rumour	1	ottawashooting
The soldier shot dead in Wednesday's Ottawa attacks has been named as Cpl. Nathan Cirillo of #HamOnt #ottawashooting http://t.co/MxLMptnlWw	2014-10-22	2014-10-22 20:45:55+00:00	rumour	0	ottawashooting
Witness tells #CBCNews suspected shooter of uniformed soldier at #Ottawa's War Memorial was carrying rifle.	2014-10-22	2014-10-22 14:05:56+00:00	rumour	0	ottawashooting
The gunman in Ottawa has been shot and killed. I'm at a loss for words this morning. That isn't my Canada.	2014-10-22	2014-10-22 14:38:59+00:00	rumour	0	ottawashooting
CTV News confirms that Canadian authorities have provided US authorities with the name Michael Zehaf-Bibeau in connection to Ottawa shooting	2014-10-22	2014-10-22 20:59:39+00:00	rumour	0	ottawashooting
Recap: Gunman shot dead inside Parliament buildings; police believe there may be others on loose. Cdn soldier shot earlier at War Memorial.	2014-10-22	2014-10-22 15:24:32+00:00	rumour	0	ottawashooting
"#RIPNathanCirillo

RT @globeandmail: Soldier killed at war memorial identified as Cpl. Nathan Cirillo #OttawaShooting http://t.co/uZZqmlctss"	2014-10-22	2014-10-22 20:36:58+00:00	rumour	0	ottawashooting
Police have clarified that there were two shootings in Ottawa today, not three: at the War Memorial and Parliament Hill.	2014-10-22	2014-10-22 18:26:23+00:00	rumour	1	ottawashooting
Shots fired on parliament hill after a man walked up with a gun. I'm locked in a security office on parliament hill	2014-10-22	2014-10-22 14:01:20+00:00	rumour	0	ottawashooting
FBI assisting in the case of the Ottawa shooting, sources have confirmed to CTV News	2014-10-22	2014-10-22 18:39:46+00:00	rumour	0	ottawashooting
BREAKING NEWS: At least 3 shots fired at Ottawa War Memorial. One soldier confirmed shot - http://t.co/wiPaKVPSDb http://t.co/vwxeqj8xe9	2014-10-22	2014-10-22 14:12:21+00:00	rumour	0	ottawashooting
BREAKING NEWS: Soldier shot at National War Memorial in Ottawa http://t.co/pp6hcfWcRw	2014-10-22	2014-10-22 14:07:39+00:00	rumour	0	ottawashooting
Here's that dramatic video via @josh_wingrove of shots fired inside parliament building: https://t.co/1waid25vOE #Ottawa #shooting	2014-10-22	2014-10-22 15:11:33+00:00	rumour	0	ottawashooting
"MPs credit sergeant-at-arms for saving lives in Parliament Hill shootings
http://t.co/3NfiSwTwPt http://t.co/V5tIbCQgj9"	2014-10-22	2014-10-22 17:03:05+00:00	rumour	0	ottawashooting
Our thoughts and prayers go out to Nathan Cirillo who died today in Ottawa while protecting his country at age 24 http://t.co/PfwasSALPX	2014-10-22	2014-10-22 22:59:49+00:00	rumour	0	ottawashooting
#NHL cancels tonight's game between #Ottawa and #Toronto due to today's shootings. Senators were to host Maple Leafs.	2014-10-22	2014-10-22 17:28:56+00:00	rumour	0	ottawashooting
"Hero. @affanchowdhry: Kevin Vickers, head of security in parliament, being credited for taking down shooter #Ottawa http://t.co/rVYetE0KYq"""	2014-10-22	2014-10-22 16:49:28+00:00	rumour	0	ottawashooting
Canadian authorities have given name of suspect in Ottawa attacks to U.S. feds; ask for FBI assistance: Sr U.S. law enforcement official	2014-10-22	2014-10-22 17:51:42+00:00	rumour	0	ottawashooting
Ottawa Police report a third shooting at Rideau Centre, no reports of injuries.	2014-10-22	2014-10-22 15:44:35+00:00	rumour	1	ottawashooting
This is the soldier who died today at the #Ottawa War Memorial. His name is Cpl. Nathan Cirillo. #RIP #OttawaStrong http://t.co/vhPBPq5yYk	2014-10-22	2014-10-22 22:22:43+00:00	rumour	0	ottawashooting
One person shot outside Centre Block, a second wounded inside the building in Parliament Hill shooting http://t.co/zng0g0aelU	2014-10-22	2014-10-22 14:13:18+00:00	rumour	0	ottawashooting
These are not timid colours; soldiers back guarding Tomb of Unknown Soldier after today's shooting #StandforCanada http://t.co/7KoW2xATKG	2014-10-22	2014-10-22 19:19:15+00:00	rumour	1	ottawashooting
#BREAKING news: Shots fired at Parliament Hill. Follow developing story: http://t.co/gPg9nujRvk http://t.co/H0Hw24j5ma	2014-10-22	2014-10-22 14:08:18+00:00	rumour	0	ottawashooting
Police seem relaxed, suggesting all hostages are out and gunman no longer a threat http://t.co/xheuclMCmj #sydneysiege	2014-12-15	2014-12-15 15:29:23+00:00	rumour	0	sydneysiege
Uber intros surge pricing in downtown Sydney during hostage siege http://t.co/XWGe9MpUzU http://t.co/cwhIiozFNr	2014-12-15	2014-12-15 02:13:21+00:00	rumour	0	sydneysiege
FIRST PHOTOS: Hostage pressed against a window. #SydneySiege http://t.co/MOy8zCHp5a	2014-12-15	2014-12-15 00:44:13+00:00	rumour	0	sydneysiege
Several people being held hostage at a Sydney cafe. Australian tv showing people with  hands up against a window: http://t.co/AD2PR4OPFq	2014-12-14	2014-12-14 23:37:11+00:00	rumour	0	sydneysiege
#pmharper tweets 'Canada's thoughts and prayers are with our Australian friends.' 13-40 hostages held in cafe in #Sydney. #SydneySiege	2014-12-15	2014-12-15 01:42:13+00:00	rumour	1	sydneysiege
MORE: Police confirm 3 hostages escape Sydney cafe, unknown number remain inside http://t.co/pcAt91LIdS #Sydneysiege	2014-12-15	2014-12-15 05:44:51+00:00	rumour	0	sydneysiege
The Sydney cafe siege may be part of a larger plot. @Y7News #MartinPlaceSiege http://t.co/f2aTNEpjmh http://t.co/DE4IBxv73K	2014-12-15	2014-12-15 01:59:54+00:00	rumour	1	sydneysiege
BREAKING NEWS: Gunmen take hostages at Sydney cafe, wave Islamic flag http://t.co/zmSo3ARDVs http://t.co/HFW40OyVUz	2014-12-15	2014-12-15 00:06:09+00:00	rumour	0	sydneysiege
DETAILS: The hostage site is Lindt Chocolat Cafe near #Sydney Harbor http://t.co/1ZlzKDjvSf http://t.co/7u8EFUwCey	2014-12-15	2014-12-15 00:51:57+00:00	rumour	1	sydneysiege
Full statement from PM Abbott on #Sydneysiege #MartinPlace #Lindt. http://t.co/7ilKZGNBDz	2014-12-15	2014-12-15 00:34:42+00:00	rumour	0	sydneysiege
POLICE MOVE IN: Police confirm live ammunition used in Martin Place #sydneysiege	2014-12-15	2014-12-15 15:16:01+00:00	rumour	0	sydneysiege
Police confirm that #sydneysiege is finally over. Two people reportedly injured after suffering gunshot wounds http://t.co/nsprnSYTDT	2014-12-15	2014-12-15 15:52:04+00:00	rumour	0	sydneysiege
Prime Minister Tony Abbott's statement on the #SydneySiege. Updates: http://t.co/EgWHAnjO35 http://t.co/AGhyN5Qkei	2014-12-15	2014-12-15 00:36:49+00:00	rumour	0	sydneysiege
#BREAKING: At least two people have died following the #SydneySiege. 5 people are being treated by paramedics.	2014-12-15	2014-12-15 15:44:22+00:00	rumour	0	sydneysiege
Statement from Prime Minister Tony Abbott on Sydney hostage situation. http://t.co/MHkNRZFQWB	2014-12-15	2014-12-15 00:34:18+00:00	rumour	0	sydneysiege
We understand there are two gunmen and up to a dozen hostages inside the cafe under siege at Sydney.. ISIS flags remain on display #7News	2014-12-14	2014-12-14 23:21:49+00:00	rumour	1	sydneysiege
Local media: 3 people appear to escape from Martin Place, Sydney, café, amid hostage situation - @ABCNews http://t.co/N5mmnilz4Z	2014-12-15	2014-12-15 04:46:18+00:00	rumour	0	sydneysiege
ISIS -holding a Cafe hostage in Sydney- forcing Hostages to press ISIS flags against the Windows #DramaAlert HOT! http://t.co/XwXLvvWc76	2014-12-14	2014-12-14 23:48:48+00:00	rumour	1	sydneysiege
BREAKING  @SkyBusiness: freed hostage borne high from #sydneysiege w/c.4 paramedic teams on the scene http://t.co/DKBQI5tx4B ( carsonscottLI	2014-12-15	2014-12-15 15:21:53+00:00	rumour	0	sydneysiege
Ray Hadley says he spoke with hostage, and could hear the gunman in the background barking orders and demanding to go live on air	2014-12-15	2014-12-15 02:33:22+00:00	rumour	0	sydneysiege
BREAKING UPDATE: Gunman says four devices are located around Sydney. Security response underway. Police calling for calm. 9News	2014-12-15	2014-12-15 01:22:33+00:00	rumour	0	sydneysiege
#BREAKING: Police have confirmed that the #SydneySiege is over. #9News	2014-12-15	2014-12-15 15:40:07+00:00	rumour	0	sydneysiege
"Uber says it has hiked prices in Sydney to ""encourage more drivers to come online &amp; pick up passengers."" http://t.co/MCJ0rMSXPc #SydneySiege"	2014-12-15	2014-12-15 02:53:55+00:00	rumour	0	sydneysiege
BREAKING ALERT: Preliminary reports indicate perpetrators appear to be members of #ISIS. #SydneySiege	2014-12-15	2014-12-15 00:45:30+00:00	rumour	1	sydneysiege
"#SydneySiege: Latest video of hostages escaping.
https://t.co/eFfgSbt2hO"	2014-12-15	2014-12-15 15:29:24+00:00	rumour	0	sydneysiege
Sydney airspace wasn't closed. A second terror suspect wasn't arrested. Myths around #sydneysiege debunked. http://t.co/yTLKLUKnFd	2014-12-15	2014-12-15 12:01:49+00:00	rumour	1	sydneysiege
This is shot that captures the #sydneysiege: sheer terror/relief of escaped hostages, incredible work of @nswpolice http://t.co/iCffJZ9NuZ	2014-12-15	2014-12-15 06:37:37+00:00	rumour	0	sydneysiege
"NSW Police confirm 5 hostages have emerged from #sydneysiege and they are negotiating: ""It might take a bit of time"" http://t.co/le9r9REzdR"	2014-12-15	2014-12-15 07:53:51+00:00	rumour	0	sydneysiege
A man believed to be the gunman filmed wearing a black headband inside the cafe http://t.co/7ixIlhiVXZ http://t.co/dOW5zfm1uU	2014-12-15	2014-12-15 01:38:48+00:00	rumour	0	sydneysiege
#SYDNEYSIEGE: Hostage-takers ‘have suicide belts, demand radio convo with #Abbott’ – report http://t.co/1ZlzKDjvSf http://t.co/7Jej7i4SlO	2014-12-15	2014-12-15 03:11:36+00:00	rumour	0	sydneysiege
Black Islamic flag being held up in window of #lindt chocolate store in Martin Place, Sydney - hostages inside. http://t.co/fAV7PEuY6P	2014-12-14	2014-12-14 23:22:59+00:00	rumour	0	sydneysiege
UPDATE: Hostages fleeing #Sydney cafe held by Iranian gunman as explosions, gunshots are heard: http://t.co/WrPVZSJHlX	2014-12-15	2014-12-15 15:22:49+00:00	rumour	0	sydneysiege
Police: Negotiators are now in contact with armed hostage-taker in Sydney situation; motive remains unknown - http://t.co/mp18E4DdjW	2014-12-15	2014-12-15 05:09:30+00:00	rumour	0	sydneysiege
TV channels have chosen not to show videos of hostages relaying #sydneysiege gunman's demands. http://t.co/5jtd36wFOU http://t.co/oKJPRv40l3	2014-12-15	2014-12-15 12:59:21+00:00	rumour	0	sydneysiege
Reports on @channeltennews #sydneysiege gunman wants #ISIL flag delivered to cafe and he also wants to speak to PM or people will be killed.	2014-12-15	2014-12-15 06:40:34+00:00	rumour	0	sydneysiege
Geoblock lifted on #ABCNews24. Streaming coverage of the Martin Place siege in Sydney here  http://t.co/HvQuvP4SIb.	2014-12-14	2014-12-14 23:53:16+00:00	rumour	0	sydneysiege
Several more hostages flee from cafe under siege in Sydney, local media say http://t.co/YjuafDPNEY	2014-12-15	2014-12-15 15:13:02+00:00	rumour	0	sydneysiege
Sydney Opera House evacuated, concourse deserted http://t.co/NMbuLCimKV #SydneySiege (via @cberkman) http://t.co/QYlOU0REVw	2014-12-15	2014-12-15 00:25:57+00:00	rumour	0	sydneysiege
Up to 20 held hostage in Sydney Lindt Cafe siege http://t.co/4KisV2PKI5 http://t.co/qIaa63SCQk	2014-12-15	2014-12-15 00:31:48+00:00	rumour	1	sydneysiege
UPDATE: Total of 5 people have been able to get out of Sydney cafe during hostage situation: http://t.co/mp18E4DdjW http://t.co/n5vhI5DsZg	2014-12-15	2014-12-15 06:12:52+00:00	rumour	0	sydneysiege
BREAKING: Three hostages appear to have escaped the Sydney cafe where a siege remains ongoing. http://t.co/akfqcnbofX #sydneyseige	2014-12-15	2014-12-15 05:09:22+00:00	rumour	0	sydneysiege
SYDNEY SIEGE: Gunman forces hostages to hold up ISIS flag in window http://t.co/9K3XXEiSFa http://t.co/cATxCjYXpy	2014-12-14	2014-12-14 23:27:39+00:00	rumour	1	sydneysiege
UPDATE: 13 hostages inside Sydney coffee shop near Sydney Opera House; Abbott will deliver a statement shortly. #ISISAttacks #sydneyseige	2014-12-15	2014-12-15 00:47:39+00:00	rumour	1	sydneysiege
Central Sydney shut down by police amid ongoing hostage situation: http://t.co/TvAlMmqFxP	2014-12-15	2014-12-15 00:38:04+00:00	rumour	0	sydneysiege
"US evacuated Consulate in Sydney after #sydneysiege. Emergency warning to U.S. citizens urging them to ""maintain high level of vigilance""."	2014-12-15	2014-12-15 01:43:29+00:00	rumour	0	sydneysiege
Live Updates: Siege in Sydney Cafe http://t.co/aNIHU5DlLj	2014-12-15	2014-12-15 00:12:18+00:00	rumour	0	sydneysiege
"Gunman's headband reads, ""We are your soldiers O Muhammad"".
#MartinPlace #SydneySiege http://t.co/ggUgP4kV9c"	2014-12-15	2014-12-15 03:30:57+00:00	rumour	0	sydneysiege
UPDATE: 13 people being held hostage in #Sydney shop, Opera House evacuated after suspicious package found: reports http://t.co/n4D3yGjso9	2014-12-15	2014-12-15 01:07:38+00:00	rumour	1	sydneysiege
#BREAKING Hostages held inside Sydney cafe, Islamic flag held up	2014-12-14	2014-12-14 23:50:42+00:00	rumour	0	sydneysiege
We can see people coming out a firedoor near the Lindt cafe to waiting police. 2-3 people. Hard to see. #sydneysiege	2014-12-15	2014-12-15 04:37:43+00:00	rumour	0	sydneysiege
"SYDNEY HOSTAGE-TAKER
- Man Monis, 49
- Originally from Iran
- Self-styled sheikh
- Accused of sexually assaulting 7 women
DEVELOPING.."	2014-12-15	2014-12-15 13:56:21+00:00	rumour	0	sydneysiege
Five hostages have escaped the besieged Lindt Cafe in #Sydney | Our latest update: http://t.co/XJVICQdu0y http://t.co/aNGBZsCmdQ	2014-12-15	2014-12-15 07:20:30+00:00	rumour	0	sydneysiege
"Hostage situation erupts in Sydney cafe, Australian prime minister says it may be ""politically motivated"" http://t.co/439C1MkRWf"	2014-12-15	2014-12-15 02:35:35+00:00	rumour	0	sydneysiege
#BREAKING Reports two customers and an employee have escaped the #SydneySiege http://t.co/fSLeobzxHh	2014-12-15	2014-12-15 04:38:18+00:00	rumour	0	sydneysiege
BREAKING: Police enter #Lindt cafe, hostages flee http://t.co/iuaLgRi7jj  #sydneysiege http://t.co/hXZ8EffN3f	2014-12-15	2014-12-15 15:21:50+00:00	rumour	0	sydneysiege
Hostages in Sydney cafe made to hold up Islamic flags http://t.co/I1PsUPekkB	2014-12-15	2014-12-15 00:05:17+00:00	rumour	0	sydneysiege
DEVELOPING: Gunman Takes Hostages In Sydney Cafe, 'ISIS' Flags Being Held Against Window - http://t.co/gDkig15YuN http://t.co/suVfoMmBwM	2014-12-14	2014-12-14 23:22:41+00:00	rumour	0	sydneysiege
Haron Monis,Hostage-taker in #Sydney: Fled #Iran 96,suspect in ex-wife killing,46 sex assaults http://t.co/3caiB9OnFg http://t.co/vfOXjtrGgZ	2014-12-15	2014-12-15 15:33:15+00:00	rumour	0	sydneysiege
Paramedics are currently carrying out a number of hostages in #MartinPl. #SydneySiege #9News	2014-12-15	2014-12-15 15:19:37+00:00	rumour	0	sydneysiege
BREAKING: Live coverage of hostage situation unfolding in Sydney's Martin Place http://t.co/TTG8ye71Zg http://t.co/iTwradHTb3	2014-12-14	2014-12-14 23:16:34+00:00	rumour	0	sydneysiege
#BREAKING: Hostages are being held and a siege is taking place at Sydney's Lindt Chocolat Cafe in Martin Place.	2014-12-14	2014-12-14 23:12:32+00:00	rumour	0	sydneysiege
Five Hostages Escape Sydney Cafe Siege — Live Updates From @BuzzFeedOz http://t.co/aFHirytbFH http://t.co/BiLJuBBc5R	2014-12-15	2014-12-15 06:46:10+00:00	rumour	0	sydneysiege
Police stand guard as hostages are held in a cafe in Sydney. Follow AFP's LIVE REPORT: http://t.co/yKWnSmShSY http://t.co/wyjunPbDfo	2014-12-15	2014-12-15 01:39:37+00:00	rumour	1	sydneysiege
Sydney siege: police enter cafe as hostages flee the scene, gunfire heard, reports of an injured person – live http://t.co/c4xbud6a3m	2014-12-15	2014-12-15 15:25:15+00:00	rumour	0	sydneysiege
Hostage taker in Sydney cafe demands ISIS flag and call with Australian PM, Sky News reports. http://t.co/a2vgrn30Xh #sydneysiege	2014-12-15	2014-12-15 07:19:05+00:00	rumour	0	sydneysiege
Uber Sydney trips from CBD will be free for riders. Higher rates are still in place to encourage drivers to get into the CBD.	2014-12-15	2014-12-15 03:15:44+00:00	rumour	0	sydneysiege
Escaped #SydneySiege hostage, Elly Chen, a top student and skilled sportswoman http://t.co/cOyz8N2IMb http://t.co/48YdSm7lJB	2014-12-15	2014-12-15 14:48:08+00:00	rumour	0	sydneysiege
#sydneysiege is over. 2 confirmed dead, #PrayForSydney #PrayForSydneyHostages #Sydney #hostages	2014-12-15	2014-12-15 15:51:09+00:00	rumour	0	sydneysiege
According to Seven, this is a picture of the gunman http://t.co/3Zor3gSOSO	2014-12-15	2014-12-15 00:44:51+00:00	rumour	0	sydneysiege
Approximately 50 hostages may be held captive at #Lindt café – local reports http://t.co/1ZlzKDjvSf #sydneysiege http://t.co/NvLr5kyQG8	2014-12-15	2014-12-15 01:53:38+00:00	rumour	1	sydneysiege
Flag in window of Sydney Lindt cafe not an ISIS flag. Reads: ‘There is no God but Allah and Muhammad is the messenger of God’ (@liztilley84)	2014-12-14	2014-12-14 23:45:51+00:00	rumour	0	sydneysiege
"The #Ferguson police chief just basically confirmed #MikeBrown was gunned to death for the crime of walking in the street?

Horrific."	2014-08-15	2014-08-15 19:27:20+00:00	rumour	0	ferguson
It appears that #Ferguson PD are trying to assassinate Mike Brown's character after literally assassinating Mike Brown.	2014-08-15	2014-08-15 15:44:19+00:00	rumour	0	ferguson
"#Ferguson PD charged #HenryDavis w/ ""destruction of property"" for bleeding on their uniforms: http://t.co/qQWPClW3tG http://t.co/5U3nMoMiF2"	2014-08-15	2014-08-15 20:26:04+00:00	rumour	0	ferguson
#Ferguson chief let most of day go by b4 disclosing (after repeated Qs) that cop who killed #MikeBrown knew nothing about robbery. DANGER	2014-08-15	2014-08-15 21:12:05+00:00	rumour	0	ferguson
Darren Wilson is a six year veteran of the #Ferguson Police and had no disciplinary actions against him.	2014-08-15	2014-08-15 13:58:42+00:00	rumour	0	ferguson
"Oh. So NOW the #Ferguson police chief says the cop didn't know about the robbery when he stopped #MikeBrown. The kid was ""jaywalking""? BS!"	2014-08-15	2014-08-15 20:27:19+00:00	rumour	0	ferguson
New link: #Ferguson police release video they say shows a robbery involving #MichaelBrown: http://t.co/GMDuU33oed http://t.co/RaAWvjcWNu	2014-08-15	2014-08-15 18:23:42+00:00	rumour	0	ferguson
St. Louis Co Police tell me ofcr shot a man who pointed handgun at him at Chambers &amp; Sheffingdell at about 1 a.m. Man in critical. #ferguson	2014-08-13	2014-08-13 07:23:17+00:00	rumour	0	ferguson
to be clear: an unarmed teenager POSSIBLY stealing a box of cigars does not warrant being shot to death by the police. #Ferguson	2014-08-15	2014-08-15 20:23:02+00:00	rumour	0	ferguson
The day #Ferguson cops told a dirty, bloody lie (via @thedailybeast): http://t.co/gnAlHsS7tu http://t.co/vpqnDDVd2u	2014-08-15	2014-08-15 16:35:10+00:00	rumour	0	ferguson
In what world do you let a cop who killed someone leave town? http://t.co/T0A3rn2PeL #Ferguson	2014-08-15	2014-08-15 19:59:13+00:00	rumour	0	ferguson
The other day I asked a manager at the #Ferguson Market if police had requested surveillance video. She said no.	2014-08-15	2014-08-15 14:58:11+00:00	rumour	0	ferguson
Name of #Ferguson cop is expected to be released by 9 ET, police chief says: http://t.co/NhMsTgfzYi (J.B. Forbes, AP) http://t.co/7LU1iT1EKB	2014-08-15	2014-08-15 12:31:13+00:00	rumour	0	ferguson
How many white celebrities have been CAUGHT shoplifting and end up dead in streets? I'll wait. #Ferguson	2014-08-15	2014-08-15 17:04:15+00:00	rumour	0	ferguson
Reminder: Forget the robbery, forget the minor looting. NOTHING justifies militarized police pointing sniper rifles at journalists #Ferguson	2014-08-15	2014-08-15 15:30:08+00:00	rumour	0	ferguson
A woman in #Ferguson was shot in head last night and released this selfie. Conflicting reports of how it happened: http://t.co/25WX6EkquG	2014-08-13	2014-08-13 12:17:18+00:00	rumour	0	ferguson
Remarkably, despite the military-style police presence in #Ferguson, a known killer was able to skip town http://t.co/lDGjp6Wt1j	2014-08-15	2014-08-15 22:48:46+00:00	rumour	0	ferguson
"That was very ""SLICK"" of the Police Chief to create a narrative that #MikeBrown was a ""suspect"" in a robbery!  #Ferguson"	2014-08-15	2014-08-15 13:53:48+00:00	rumour	0	ferguson
BREAKING NEWS: According to documents released to the press, #MikeBrown was connected to an earlier robbery #Ferguson http://t.co/LuCR9711S0	2014-08-15	2014-08-15 14:01:31+00:00	rumour	0	ferguson
Photos of alleged robbery involving Michael Brown in #Ferguson (via police) http://t.co/gr83XTGO1t http://t.co/7V34OtGYcn	2014-08-15	2014-08-15 14:55:50+00:00	rumour	0	ferguson
Question for #Ferguson police chief? If OFFICER DARREN WILSON was in pursuit of a robbery suspect, why tell kids to get out of the road? LIE	2014-08-15	2014-08-15 13:53:41+00:00	rumour	0	ferguson
If there is surveillance of a robbery why release stills and not the video itself? #Ferguson	2014-08-15	2014-08-15 14:15:41+00:00	rumour	0	ferguson
Store owner told @FOX2now Monday that there was a theft, but said it was not MichaelBrown; said it was someone else #Ferguson	2014-08-15	2014-08-15 21:18:58+00:00	rumour	0	ferguson
"If you can justify shooting an unarmed teenager by saying ""he might have been committing a misdemeanor"" you are a fucking asshole. #Ferguson"	2014-08-15	2014-08-15 17:27:21+00:00	rumour	0	ferguson
Report: #Ferguson police beat up wrong suspect then charged him for getting blood on uniforms in 2009 http://t.co/Mck8FYYOpp	2014-08-15	2014-08-15 20:39:00+00:00	rumour	0	ferguson
If we shot everyone in the street for stealing, imagine the carnage on Wall St. #mikebrown #ferguson	2014-08-15	2014-08-15 16:34:40+00:00	rumour	0	ferguson
"Possible ""robbery"" took place and BAM! Like magic it's as if another UNARMED black youth being murdered has been forgotten #smh #Ferguson"	2014-08-15	2014-08-15 15:48:35+00:00	rumour	0	ferguson
"All weekend ppl will be talking about the ""robbery"" instead of the shooting bc #Ferguson PD didn't release any info about the shooting."	2014-08-15	2014-08-15 17:04:12+00:00	rumour	0	ferguson
Currently the #FoxNews website has zero, repeat, ZERO coverage of the #Ferguson protests, probably due to lack of cowboy hats.	2014-08-13	2014-08-13 01:36:45+00:00	rumour	0	ferguson
The press conf makes #Ferguson PD look like they've gone from stonewalling to counter punching. We give up a name, we drag his thru the mud.	2014-08-15	2014-08-15 21:30:15+00:00	rumour	0	ferguson
What's so frustrating is that now we are talking about a robbery and not the killing of an unarmed kid. #ferguson	2014-08-15	2014-08-15 19:29:46+00:00	rumour	0	ferguson
Police in #Ferguson plan to release name of officer who shot unarmed teen Michael Brown: http://t.co/oqns3yVfTx http://t.co/9fb09WUtdN	2014-08-15	2014-08-15 13:20:23+00:00	rumour	0	ferguson
#Ferguson police: Officer involved in fatal shooting of Michael Brown didn't know he was suspect in alleged robbery. http://t.co/L6bieyrz2a	2014-08-15	2014-08-15 20:28:31+00:00	rumour	0	ferguson
Witness: Police allegedly stopped Mike Brown after yelling at him to walk on sidewalk. #Ferguson http://t.co/XG00R6w0k6	2014-08-10	2014-08-10 11:28:53+00:00	rumour	0	ferguson
In 2009, #Ferguson police beat a man and charged him for bleeding on them: http://t.co/KzF6Z1l0UK	2014-08-15	2014-08-15 18:54:08+00:00	rumour	0	ferguson
"Nearly 7k blacks were murdered last yr--almost all by other blacks. A tiny % were unarmed-killed-by-cop.
Where's Al, Jesse?
#tcot #ferguson"	2014-08-13	2014-08-13 17:44:47+00:00	rumour	0	ferguson
"Shoot unarmed kid.
Conceal evidence.
Impose martial law.
Harass reporters.
Smear the victim.
Worst. Police. Ever.
#Ferguson #MikeBrown"	2014-08-15	2014-08-15 15:11:32+00:00	rumour	0	ferguson
Update: #Ferguson police release stills from convenience store footage showing robbery http://t.co/rl0RgIphUp http://t.co/PHUofG7mJR	2014-08-15	2014-08-15 14:21:05+00:00	rumour	0	ferguson
URGENT: Darren Wilson is the police officer who shot Mike Brown http://t.co/RZ1eYcKpiY #Ferguson http://t.co/D2HyKchWvq	2014-08-15	2014-08-15 13:49:15+00:00	rumour	0	ferguson
Here's the police report. Somehow #Ferguson cops valued a box of Swishers at nearly $50. Time to stop smokin I guess http://t.co/8ZkvrHkApc	2014-08-15	2014-08-15 14:38:34+00:00	rumour	0	ferguson
Did anyone think of comparing the clothes that #MikeBrown was wearing when he was laying on the street to the security footage? #Ferguson	2014-08-15	2014-08-15 14:30:12+00:00	rumour	0	ferguson
#MikeBrown wanted to walk down the street. And he is dead. And the #Ferguson PD is using his silence in death to make him a criminal.	2014-08-15	2014-08-15 14:01:22+00:00	rumour	0	ferguson
Line of police cars with high beams on greets anyone trying to enter #Ferguson. It's shut down. No media allowed. http://t.co/bk6jFFM7jj	2014-08-13	2014-08-13 01:27:45+00:00	rumour	0	ferguson
"Hobby Lobby asks #Ferguson PD for clarification: ""We thought chopping off someone's hand was the maximum penalty for shoplifting"""	2014-08-15	2014-08-15 18:02:55+00:00	rumour	0	ferguson
"Police reports released this morning indicate Mike Brown was a suspect in a ""strong-armed"" robbery in #Ferguson"	2014-08-15	2014-08-15 14:00:21+00:00	rumour	0	ferguson
Mike Brown was staying with his grandmother for the summer, who lived in the community. #Ferguson	2014-08-10	2014-08-10 01:30:14+00:00	rumour	0	ferguson
Is #Prince in #Toronto? Rumours fly of surprise show... @masseyhall http://t.co/ySchlys6DA	2014-11-04	2014-11-04 19:26:58+00:00	rumour	1	prince-toronto
Prince fans lining up at Massey Hall. Wristbands for surprise show reportedly on sale at 6pm. #Toronto http://t.co/uZBPGlfyce	2014-11-04	2014-11-04 15:14:57+00:00	rumour	1	prince-toronto
Prince not playing Massey Hall tonight, promoter says http://t.co/clVHvM07kx http://t.co/IADirsFOOC	2014-11-04	2014-11-04 21:00:25+00:00	rumour	1	prince-toronto
In response to inquiries, we can confirm that Prince will not be performing at @masseyhall tonight.	2014-11-04	2014-11-04 19:42:09+00:00	rumour	1	prince-toronto
Secret Prince show rumored for Toronto tonight http://t.co/GE2DFcFKLJ	2014-11-04	2014-11-04 19:15:06+00:00	rumour	1	prince-toronto
Is it true? Prince rumoured to be performing surprise show in Toronto http://t.co/EZiiLVkXyb	2014-11-04	2014-11-04 17:31:34+00:00	rumour	1	prince-toronto
"PRINCE IN TORONTO TONIGHT:
@3RDEYEGIRL tweeted this morning to say OTNOROT CALLING, which is Toronto backwards, obviously.... Seems it's on!"	2014-11-04	2014-11-04 07:48:43+00:00	rumour	1	prince-toronto
Prince rumoured to be performing in surprise show in Toronto http://t.co/PEbtcmybqc http://t.co/HOoFI33eV2	2014-11-04	2014-11-04 15:19:33+00:00	rumour	1	prince-toronto
People talking about stupid shit like government corruption and harassment when Prince is in Toronto smh	2014-11-04	2014-11-04 17:40:35+00:00	rumour	1	prince-toronto
Prince is playing a secret show in Toronto tonight.  I will also be playing a secret show tonight involving pizza &amp; netflix bingeing.	2014-11-04	2014-11-04 15:43:49+00:00	rumour	1	prince-toronto
Clearly prince is having a show in #toronto @TorontoComms #tdot #gta #prince #concert http://t.co/e7oktlGd1v	2014-11-04	2014-11-04 18:03:39+00:00	rumour	1	prince-toronto
OMG. #Prince rumoured to be performing in Toronto today. Exciting!	2014-11-04	2014-11-04 18:03:11+00:00	rumour	1	prince-toronto
Coup in #Russia? Good article by @Forbes. http://t.co/aaNCpb0blW #RamzanKadyrov #Putin #putindead http://t.co/OfivdTlTbO	2015-03-13	2015-03-13 07:01:45+00:00	rumour	0	putinmissing
Putin reappears on television amid rumours his 'girlfriend' is about 2 give birth http://t.co/yJuN1F0QXE http://t.co/B7FXmo03jK @Scofield_Fx	2015-03-14	2015-03-14 18:31:50+00:00	rumour	0	putinmissing
Was Vladimir Putin netralized by an internal coup? Or maybe he's vacationing in Harper's closet:  http://t.co/tlr3cFLEyv #LookingForNarnia	2015-03-16	2015-03-16 00:01:22+00:00	rumour	0	putinmissing
Coup? RT @jimgeraghty: Rumors all Russian military attaches at embassy in London have returned to Moscow: http://t.co/e8ZoFxtfHX	2015-03-14	2015-03-14 14:42:03+00:00	rumour	0	putinmissing
Very good on #Putin coup by @CoalsonR: Three Scenarios For A Succession In Russia http://t.co/fotdqxDfEV via @RFERL http://t.co/RdA0giizeb	2015-03-14	2015-03-14 19:36:27+00:00	rumour	0	putinmissing
Hoppla! @L0gg0l: Swiss Rumors: Putin absence due to girlfriend Alina giving birth in Ticino http://t.co/vZnGDH1Qys http://t.co/5TvXSdvd1H	2015-03-13	2015-03-13 09:52:10+00:00	rumour	0	putinmissing
Unformed Russian Embassy staff in London have left for Russia  Rumours Putin HAS DIED! http://t.co/zSIV8w6FJ2 via @ShaunyNews #PutinDead?	2015-03-14	2015-03-14 17:26:00+00:00	rumour	1	putinmissing
Putin reappears on TV amid claims he is unwell and under threat of coup http://t.co/YZln23EUx1 http://t.co/ZsAnBa5gz3	2015-03-13	2015-03-13 22:41:35+00:00	rumour	0	putinmissing
This appears to be the original source of the Putin/Kabayeva/Swiss clinic rumour http://t.co/bKfJTSGdca	2015-03-13	2015-03-13 10:05:06+00:00	rumour	0	putinmissing
